{"C":[[8.023497091547274e-11]],"L":[[1.3867395268619582e-07]]}