{"C":[[1.9090963183548857e-11,-1.4456465255283824e-12],[-1.445568858605991e-12,1.909110097347139e-11]],"L":[[5.861760574253059e-07,4.438734999842879e-08],[4.438496530147375e-08,5.861718267026432e-07]]}